repeat,variant,RMSE,MAE,R2,NRMSE,sMAPE
0,Full CMGT-DINO,314.48874394264345,235.6653270760594,0.42497461101949585,0.17079897894000015,38.01082819100754
0,Without Concordance,303.017533163833,229.896307936141,0.4661585085815414,0.16456895918265174,37.36750857656701
0,Without Environment Trajectory,310.32735497605586,232.6621247384494,0.44009167081201783,0.16853892671188297,37.67847999443812
0,Without Phenotype Trajectory,316.9441457582257,238.64507258074886,0.41596042366130537,0.17213250877553968,38.26671823731353
0,Image Trajectory Only,348.5111227810801,253.9148638596897,0.2938286482392969,0.18927654826049276,38.361191798691195
1,Full CMGT-DINO,361.4220322931575,258.2892057269372,0.3664393155459438,0.23163030640319257,41.14588065489717
1,Without Concordance,376.0970486024871,275.40528424223453,0.3139451755197118,0.24103531832965067,42.35557225306169
1,Without Environment Trajectory,356.7153246324238,254.51771825793904,0.3828332696761809,0.2286138435420638,40.83119983904001
1,Without Phenotype Trajectory,355.5085489948375,255.27996404956625,0.387001983026782,0.227840437978157,39.931033776424655
1,Image Trajectory Only,376.9396400257851,285.4914213810451,0.31086771746596753,0.24157532334349252,44.4226711430003
2,Full CMGT-DINO,349.8699135193911,256.39182390788017,0.3362772830682478,0.21572938310481632,43.16246831616076
2,Without Concordance,368.0717994868506,268.26531186578603,0.26542088636611916,0.22695264489261968,43.91504508679181
2,Without Environment Trajectory,353.1445689831544,255.13235379145993,0.32379473140733106,0.2177485318677731,42.81352804039318
2,Without Phenotype Trajectory,341.07161188554335,243.77450396070154,0.36923928863014144,0.21030436051642826,42.21094176960023
2,Image Trajectory Only,371.5783823324577,282.3212921460015,0.25135769264576635,0.22911479981036978,45.70359973394782
3,Full CMGT-DINO,307.11255099528404,234.31822436544272,0.44690944126015597,0.18895280433342196,40.256930575695165
3,Without Concordance,325.00755430070285,255.32614234859722,0.3805760041755082,0.19996281042778918,42.85517696331342
3,Without Environment Trajectory,321.0406762887244,248.1204628880621,0.3956044787536934,0.1975221653861496,41.79639678752174
3,Without Phenotype Trajectory,309.4021817204448,232.72520526535385,0.4386317348705191,0.19036151311137658,40.3687508649731
3,Image Trajectory Only,359.12416152993296,266.960206253193,0.2437065061837611,0.22095325379916386,42.9014968641023
4,Full CMGT-DINO,297.65851205523165,230.7509395374322,0.5084064918820177,0.16298624091334935,35.2055946686772
4,Without Concordance,327.92872417241824,254.3977418650101,0.40333791021976284,0.17956103345183555,37.409650016567426
4,Without Environment Trajectory,296.08318379149557,229.56187617190955,0.5135961427243367,0.16212365233780995,35.07907757013222
4,Without Phenotype Trajectory,293.1030247871362,228.98622479912137,0.5233384435298429,0.16049183300870412,35.318818013661456
4,Image Trajectory Only,372.4496609740406,282.4098966127525,0.23032976316327725,0.20393896936616546,40.21747361313338
5,Full CMGT-DINO,294.12871311375744,221.96854891478065,0.3600291755070324,0.191995034539908,35.710040301578545
5,Without Concordance,316.70134926772164,240.59950796916223,0.2580320308517139,0.2067295159584595,37.83485582507802
5,Without Environment Trajectory,293.62502290570194,222.27846757820697,0.36221917611958276,0.19166624644618785,36.2284474825941
5,Without Phenotype Trajectory,311.01122116094126,220.24150085631248,0.2844541836559691,0.20301523614255024,35.823400710345354
5,Image Trajectory Only,354.2535165989568,246.06230363079158,0.07164587805548206,0.2312420145427797,37.64539250457004
6,Full CMGT-DINO,372.83592283196873,261.6496931032154,-0.01753270340597357,0.2562270103992638,38.453731743709625
6,Without Concordance,331.6278782297995,240.81557267513884,0.19496466929773149,0.22790727663377053,35.74840938451133
6,Without Environment Trajectory,365.23068446796765,257.1780062318572,0.02355588895923144,0.2510004016685916,38.17758596481305
6,Without Phenotype Trajectory,365.1595357195731,252.77952135553173,0.023936284213580183,0.2509515055457172,35.11728561134136
6,Image Trajectory Only,339.001865973213,253.1741338270583,0.15876554211083638,0.23297496115264452,35.614628594185525
7,Full CMGT-DINO,392.8263529780325,283.9388554757199,0.06582370875285848,0.25080692927567916,43.30510260963073
7,Without Concordance,392.65713807550856,278.35064163297045,0.06662835183310156,0.2506988910298538,42.34356236158307
7,Without Environment Trajectory,394.99426734936503,283.8060749126479,0.055484267280280664,0.2521910725295228,43.06685563798743
7,Without Phenotype Trajectory,406.7904254302255,303.32869323909193,-0.0017723855044071701,0.25972253818370344,45.99954061133801
7,Image Trajectory Only,407.9281908113857,292.97949177685814,-0.007384001782863248,0.26044896460423667,43.179167369172625
8,Full CMGT-DINO,297.22004388227685,222.92258586080425,0.5222970751513805,0.19213169305106587,38.74602214470904
8,Without Concordance,304.32680799753115,235.06243073221898,0.49917945776812844,0.19672571236330036,40.31592246425599
8,Without Environment Trajectory,292.44613509905906,224.53880603298958,0.5375194372343927,0.18904569937106264,39.171014422288074
8,Without Phenotype Trajectory,287.94772155902507,212.86429318885845,0.5516377857058625,0.18613779384019308,37.00674222180626
8,Image Trajectory Only,336.2382513347398,264.9774374439219,0.38864150786852925,0.21735419877355575,41.83091291313273
9,Full CMGT-DINO,408.39980800850435,303.4027982518725,0.08728525500136586,0.24560379110949002,54.46200764720222
9,Without Concordance,424.6936477114251,316.17394300229796,0.013003668544992464,0.25540259298033796,55.46264932694323
9,Without Environment Trajectory,407.13783653832803,300.8048890764193,0.09291718901084545,0.24484486573472375,54.01490292223496
9,Without Phenotype Trajectory,389.98296871031664,296.24703032145834,0.1677471517657395,0.23452825810680322,53.782749583935484
9,Image Trajectory Only,423.44636135986553,306.7591260593969,0.01879259095665453,0.2546524989535166,52.36808749758525
10,Full CMGT-DINO,335.2992490502037,246.06587803476404,0.16695549280201838,0.24825947656612152,38.99635112813354
10,Without Concordance,307.15786385515605,240.37490900649658,0.30092089618159334,0.227423266589039,38.920888935137775
10,Without Environment Trajectory,335.2198836463892,246.80325596430265,0.1673498097543491,0.24820071349503126,39.079812126748195
10,Without Phenotype Trajectory,346.7895962477456,250.62702298016666,0.1088821075983969,0.2567670637107549,39.11331273499153
10,Image Trajectory Only,320.62423659432875,245.9514543596816,0.23827933056215211,0.2373939261027164,38.79846128295499
11,Full CMGT-DINO,373.30929554061356,274.2281681919064,0.34729014092105637,0.2263715332851941,43.12091719773346
11,Without Concordance,385.87031811050684,291.3887751802643,0.302626708309492,0.23398842890698374,45.633986067437874
11,Without Environment Trajectory,371.6810335022831,272.1616217714733,0.3529715687891479,0.22538416924521446,42.87119625731293
11,Without Phenotype Trajectory,362.79154446846985,257.93253078259573,0.38355139047425924,0.21999365985596378,41.426423747163376
11,Image Trajectory Only,389.1148125578925,305.86569895656964,0.2908500257289248,0.23595586232362653,45.80713077204126
12,Full CMGT-DINO,353.15978969024917,271.86681319767285,0.39147565027521103,0.17439989614333293,41.71267812723082
12,Without Concordance,371.4466710246964,292.67806988069634,0.32682434305076946,0.18343045482701056,43.57611405234406
12,Without Environment Trajectory,368.6862560869165,288.41362872429676,0.33679260762510355,0.18206728695650198,43.61063718676917
12,Without Phenotype Trajectory,378.94471927081077,284.3205101872709,0.29937249825086887,0.18713319470163495,42.164343555392996
12,Image Trajectory Only,388.19021052385017,295.11081342512307,0.26476762906980034,0.1916988693944939,43.14461717173851
13,Full CMGT-DINO,299.03589056010844,223.13921734580296,0.43158747325910085,0.1909247505571323,37.45294900503544
13,Without Concordance,261.76370847694466,198.74704288104545,0.5644521460043717,0.16712766702438606,35.368060089714504
13,Without Environment Trajectory,296.7960953545659,218.63657580977656,0.44007046673424466,0.18949471371400856,36.90235830178307
13,Without Phenotype Trajectory,328.8835627462187,245.9097986211377,0.31245465579907694,0.20998152449878288,39.156432060227175
13,Image Trajectory Only,345.06636066049293,270.0792663788077,0.24312831978737237,0.22031371789975607,41.653672393032146
14,Full CMGT-DINO,300.7670341333749,225.8704095689713,0.4662519569438034,0.1866263552577407,34.10383727539178
14,Without Concordance,311.64756565402183,242.81918999731502,0.42693576231952046,0.19337773991934837,36.1966265014374
14,Without Environment Trajectory,302.6036022665,228.3195529513567,0.4597136238070144,0.1877659482914495,34.55779802056985
14,Without Phenotype Trajectory,327.5655996021585,234.9594597132272,0.3668998704197407,0.20325490171392313,34.31901006640309
14,Image Trajectory Only,341.7310353746571,259.61612562726225,0.3109596195048324,0.2120445739480374,36.42553062482246
15,Full CMGT-DINO,318.30690986927,224.33161114189267,0.4499578628021227,0.19291327870864847,40.54005855630192
15,Without Concordance,350.2016540737741,239.96460102192736,0.3342054835534969,0.21224342671137822,41.804122607004956
15,Without Environment Trajectory,307.6555146805934,215.6737755647453,0.48615369699848243,0.18645788768520813,39.46807912820606
15,Without Phenotype Trajectory,308.0475452920169,221.79344274620226,0.4848433234437144,0.18669548199516176,41.882953866922236
15,Image Trajectory Only,355.50089016370606,260.3629464280936,0.3139034856032461,0.21545508494770063,43.68409750463388
16,Full CMGT-DINO,242.88798757832183,190.44003755835746,0.5880614473210457,0.14720484095655867,33.725830614215305
16,Without Concordance,248.8698082233935,198.22762485845735,0.5675212313173473,0.15083018680205668,34.79614816616079
16,Without Environment Trajectory,239.30547433927973,190.3671367912634,0.6001237295872025,0.1450336208116847,33.599477695491224
16,Without Phenotype Trajectory,269.26254828853973,204.89283441702065,0.4937415689818717,0.1631894232051756,34.89131059727894
16,Image Trajectory Only,293.0540848605724,221.91434894536403,0.40032502689574034,0.17760853627913478,36.44314575827582
17,Full CMGT-DINO,338.38508058702456,227.44925587712848,0.08367389037441153,0.2645038618852395,39.35521465396613
17,Without Concordance,336.39086433186276,232.34389032304105,0.09444249648863212,0.2629450523183119,37.52956964905716
17,Without Environment Trajectory,347.91958004080675,240.31984292008673,0.03130872319945921,0.271956648876596,41.7899939337715
17,Without Phenotype Trajectory,333.46737673502844,242.05147366597697,0.1101140412828826,0.2606598636267927,39.110281031217156
17,Image Trajectory Only,329.48712140725746,245.05357857689424,0.13123055904154668,0.2575486363124609,37.911257471629106
18,Full CMGT-DINO,424.7895681699931,305.8432769819419,0.1311430946912766,0.2745963490781876,63.03230260717752
18,Without Concordance,422.8988511664998,294.10195675126533,0.13886035858193002,0.27337413453903125,61.49420267919008
18,Without Environment Trajectory,420.9677296488557,302.4934736973868,0.14670700281741755,0.2721258013451257,62.76956432196788
18,Without Phenotype Trajectory,434.3432473990388,314.8071279829517,0.09162176623828944,0.28077212558762915,63.868407552734936
18,Image Trajectory Only,441.8284610610572,339.3550278627789,0.0600430843425489,0.2856107857094283,65.0261931291223
19,Full CMGT-DINO,372.3656502448308,263.13538133989226,0.3816643535950578,0.20223195290495244,46.696292899562955
19,Without Concordance,376.8129672768965,259.1546698920035,0.36680607408589716,0.2046472927946301,44.85361373480572
19,Without Environment Trajectory,363.9972893192805,260.23119143904887,0.40914439522435175,0.19768709230496206,46.32003774339711
19,Without Phenotype Trajectory,363.98729532611986,268.4218794126823,0.4091768401132656,0.19768166456276062,47.36765053530694
19,Image Trajectory Only,396.25702569211836,301.1468705307636,0.299772744128312,0.21520736970592108,48.28587489411058
