repeat,model,RMSE,MAE,R2,NRMSE,sMAPE
0,DINOv3 Static Image ExtraTrees,358.2686647386512,257.49476621253314,0.2537326198324452,0.19457587370668838,40.39963053824345
0,Phenotype-only ExtraTrees,359.8228253220692,286.1392356587302,0.24724399777236017,0.19541993902180504,44.48774591831734
0,Environment-only ExtraTrees,356.7687913736151,273.437441771157,0.2599679606083134,0.19376129180440516,41.1915468778532
0,Static Early Fusion ExtraTrees,336.52244956822,249.46922287698413,0.34157715417434575,0.18276549442139164,42.77065499116951
0,Static Early Fusion XGBoost,355.6165904933875,273.4775802612304,0.26474017570582753,0.19313553098572053,45.37734630645555
0,Static Early Fusion CatBoost,342.9867103149884,259.80981932658676,0.31603891264109985,0.18627623735389967,43.11225203327937
0,Static Early Fusion HistGB,341.66044650835016,260.7888005757589,0.3213181785276965,0.18555594288122945,45.015762969454194
0,Trajectory Fusion ExtraTrees,293.53274235673445,221.21508357142852,0.4990551541581334,0.15941776500952295,38.10701024551516
0,CMGT-DINO,296.6876659970696,227.64564693884702,0.48822885850230613,0.16113120546417145,38.023501875258056
1,DINOv3 Static Image ExtraTrees,358.49989179109934,263.2574101393172,0.37664272853607517,0.2297575475800783,43.01676398627176
1,Phenotype-only ExtraTrees,349.98713222873914,274.86832211507914,0.4058951107805594,0.22430183948930307,44.80640200210819
1,Environment-only ExtraTrees,353.1765910883142,267.57621696961456,0.3950175270801215,0.22634591889480127,42.995759120747074
1,Static Early Fusion ExtraTrees,310.02602440843583,229.73302624999997,0.5338182428991091,0.19869132651116797,40.62351193059697
1,Static Early Fusion XGBoost,345.2634907714292,259.27090526762464,0.4218236989683577,0.22127452399568634,42.60340781325997
1,Static Early Fusion CatBoost,322.02583299064196,244.9311465381566,0.49703195187454974,0.20638183536321697,40.54853404166403
1,Static Early Fusion HistGB,316.4334707613968,239.5299583566809,0.5143495431705344,0.20279776892305318,42.63966296642016
1,Trajectory Fusion ExtraTrees,360.9294827114885,264.0413236111109,0.36816498461389335,0.2313146382913266,45.014771696183814
1,CMGT-DINO,379.24983225353697,272.84397062198997,0.30239470749937103,0.24305589310889741,42.480350977484235
2,DINOv3 Static Image ExtraTrees,360.82781087052973,260.0724018083561,0.2940507292186908,0.22248600990907,43.112582068791916
2,Phenotype-only ExtraTrees,377.0942545655007,294.23756848072566,0.22896637529207609,0.2325158802352329,47.90349248979258
2,Environment-only ExtraTrees,373.0387635550368,292.98324486012746,0.24546148513793042,0.23001526917932963,47.33628039098581
2,Static Early Fusion ExtraTrees,344.923933870596,258.7840525000001,0.3549102398224857,0.21267969778677764,43.79197872765301
2,Static Early Fusion XGBoost,352.72489511811204,265.67746820358997,0.32540096907515426,0.21748976144907636,45.55920325396325
2,Static Early Fusion CatBoost,332.5051906737644,259.8571866225132,0.40052600851350795,0.2050223151274907,44.02024443027508
2,Static Early Fusion HistGB,344.82054454280245,259.1047510873947,0.3552969071094271,0.21261594804710968,44.758596122732996
2,Trajectory Fusion ExtraTrees,361.24420710656193,254.4761551984127,0.29242045448641607,0.22274275934551852,42.840089209667696
2,CMGT-DINO,357.1874722335014,263.54237252877743,0.30822331063345443,0.22024138132538007,43.455372083663214
3,DINOv3 Static Image ExtraTrees,381.52952426985775,278.0244887340273,0.14639408411165078,0.23473828507872677,44.121858537413715
3,Phenotype-only ExtraTrees,367.3585554383476,285.2617770952379,0.2086266309864535,0.22601951311008628,47.45607596930549
3,Environment-only ExtraTrees,364.9670056016508,271.6116279856839,0.21889696912951861,0.22454809799897302,42.887613947674446
3,Static Early Fusion ExtraTrees,334.9302589284388,261.0265761309522,0.34217574183474697,0.20606781284435183,43.68770338490509
3,Static Early Fusion XGBoost,350.7820189252644,266.9485477701823,0.2784344988426718,0.2158207014687785,44.0222908622228
3,Static Early Fusion CatBoost,330.7774067726584,250.6956288912062,0.3583875382904409,0.20351274611629472,41.676441188660725
3,Static Early Fusion HistGB,369.8799093575948,290.4515036384529,0.19772621902443566,0.2275707909468756,46.432072220225265
3,Trajectory Fusion ExtraTrees,311.61010074156695,240.1222469444444,0.4305912091603983,0.1917199482825544,41.4627139928636
3,CMGT-DINO,308.15453975359424,236.89534974833592,0.4431499607817051,0.18959389404899543,40.68441839655653
4,DINOv3 Static Image ExtraTrees,377.5164282492413,291.5510190952399,0.2092462922253977,0.20671333434590605,43.051486837701106
4,Phenotype-only ExtraTrees,364.934909092627,294.68120714285726,0.261075026530746,0.19982418308946437,44.97669616071886
4,Environment-only ExtraTrees,377.5279484256657,296.0492555757958,0.2091980306900928,0.20671964234710216,42.281417275740154
4,Static Early Fusion ExtraTrees,351.00302395615205,276.7176339484128,0.3164170182303817,0.19219562386717923,42.349044680657805
4,Static Early Fusion XGBoost,368.4272252971216,297.4138857014974,0.24686478147005708,0.2017364398105009,46.37652840004982
4,Static Early Fusion CatBoost,337.51072930998146,269.91205033277976,0.3679598129351983,0.18480776732482504,42.06447479691072
4,Static Early Fusion HistGB,389.42038229371303,312.85697124100807,0.158591521875868,0.21323147726181804,48.004478473803445
4,Trajectory Fusion ExtraTrees,323.1973478323871,255.92259119047634,0.42043106028289556,0.1769703155224758,38.60861847911802
4,CMGT-DINO,325.15943879163393,246.94794449312957,0.41337271785358876,0.17804468032921236,36.6419712997171
5,DINOv3 Static Image ExtraTrees,368.08436543668984,255.31603444994138,-0.002259246982438956,0.2402702194813767,38.748453784064026
5,Phenotype-only ExtraTrees,333.5340337789863,255.7403685079365,0.1770647952421549,0.21771719482165744,42.17204273661268
5,Environment-only ExtraTrees,320.443995772671,239.5507029654237,0.240391865404041,0.20917256049287902,37.349520639366055
5,Static Early Fusion ExtraTrees,345.11650214169833,252.55060438492052,0.11891708081764285,0.22527775016429824,40.42817670727215
5,Static Early Fusion XGBoost,354.2673008891204,269.30972156343006,0.07157363063403466,0.23125101235614534,43.83750657651753
5,Static Early Fusion CatBoost,346.4671946432162,263.445712856195,0.11200694528571842,0.22615942625343755,43.0215439531194
5,Static Early Fusion HistGB,367.4122624239924,273.20659689585835,0.001397558487312156,0.2398314984882062,45.5772036476025
5,Trajectory Fusion ExtraTrees,332.4283372808225,246.8021756746032,0.18251196556283567,0.21699544197030113,38.249974711668
5,CMGT-DINO,304.09838203166066,227.1516555231617,0.31590951668832523,0.198502821243153,36.17308712322052
6,DINOv3 Static Image ExtraTrees,353.6253038355295,263.2470607887713,0.08462395408040835,0.2430247432035802,37.52678151636442
6,Phenotype-only ExtraTrees,314.1669812115245,246.31324900226753,0.2775064836324851,0.2159074848543224,36.186296351330725
6,Environment-only ExtraTrees,319.156519197958,256.83192077134044,0.2543752490499669,0.2193364849137228,37.38737937084937
6,Static Early Fusion ExtraTrees,331.4632806488664,244.97458765873003,0.19576360082903965,0.22779415892300625,36.2632220815016
6,Static Early Fusion XGBoost,353.005688341613,277.6803236316499,0.08782895255001344,0.24259891989664836,41.57362520991798
6,Static Early Fusion CatBoost,335.90240818848844,257.63690484242386,0.17407785448546342,0.23084489601298086,37.56342342486094
6,Static Early Fusion HistGB,349.97926355986937,268.2605125222425,0.10340254442393393,0.24051904581119468,39.80702212243198
6,Trajectory Fusion ExtraTrees,327.76799291395787,245.05481690476196,0.21359555496902605,0.22525461680568887,35.74332387306391
6,CMGT-DINO,366.0067382581667,261.1639001964312,0.01940192131184948,0.25153373531590045,38.60179379127193
7,DINOv3 Static Image ExtraTrees,421.4667751052186,294.7754167619729,-0.07536104330023496,0.26909291307595756,43.06539105814248
7,Phenotype-only ExtraTrees,391.2941460797286,292.25244387301586,0.07309694730347494,0.24982866469575649,44.99842207251409
7,Environment-only ExtraTrees,366.80237727253626,279.99057505447837,0.18549848878144282,0.2341914619457534,43.31056440046909
7,Static Early Fusion ExtraTrees,409.2592203963691,284.33843712301604,-0.013968716856922692,0.26129878397214307,42.766536495604086
7,Static Early Fusion XGBoost,451.25115802441974,325.70840427943637,-0.23271951100050225,0.2881092788663494,46.808786439997526
7,Static Early Fusion CatBoost,423.2892532274758,312.68794010477495,-0.08468115750978811,0.27025650645010424,46.16800819585972
7,Static Early Fusion HistGB,417.4969159414673,295.7393187763523,-0.05519847383941556,0.26655828631538214,45.85919095943116
7,Trajectory Fusion ExtraTrees,389.96668739749975,274.9523779761906,0.07937528506281688,0.24898112523383864,41.86535820138796
7,CMGT-DINO,393.9732430916125,280.73760916656954,0.06036093079509952,0.251539181542929,42.45505713269105
8,DINOv3 Static Image ExtraTrees,290.82866471103546,217.70767621739802,0.5426210943277032,0.18800011940259312,37.18873911594436
8,Phenotype-only ExtraTrees,323.24833869256514,259.61202547052153,0.4349663461525495,0.20895714090381468,41.327823194171906
8,Environment-only ExtraTrees,295.77640282492894,240.600892779071,0.5269263506609942,0.19119848142481313,39.188334186247296
8,Static Early Fusion ExtraTrees,321.3759806428798,249.15555918650813,0.4414931010006715,0.2077467941271137,40.53562227552351
8,Static Early Fusion XGBoost,324.7883405670182,258.3760892159598,0.4295697173145967,0.20995264296880217,42.037307825430105
8,Static Early Fusion CatBoost,323.3473336967137,246.23586581246485,0.43462020934470025,0.20902113415777634,39.95336862009414
8,Static Early Fusion HistGB,327.84545894024563,250.10628389277596,0.41878065927274954,0.21192885332539022,41.36758900242961
8,Trajectory Fusion ExtraTrees,287.15302319505923,221.28308583333356,0.5541092136983705,0.18562407767172986,38.224963480153484
8,CMGT-DINO,285.33306784383774,220.91946217669724,0.5597433504724054,0.18444760552557127,39.016583501783444
9,DINOv3 Static Image ExtraTrees,434.7200750583142,309.44480563852716,-0.03414967611971664,0.26143229358105063,53.46342078914534
9,Phenotype-only ExtraTrees,402.3694334242354,309.98717182256246,0.11404029238695057,0.24197723979711544,54.49964771934567
9,Environment-only ExtraTrees,418.1696898497826,314.37927018633343,0.04309437049170328,0.2514792101764347,53.34693357084209
9,Static Early Fusion ExtraTrees,406.51767952925235,313.3697082936507,0.09567844224584554,0.2444719152349308,56.1594350019418
9,Static Early Fusion XGBoost,411.89685932526805,321.4086108689081,0.07158752118341472,0.24770685052396388,57.82861844962891
9,Static Early Fusion CatBoost,406.30232911237096,309.8077702317972,0.09663630681835811,0.24434240763535336,55.48395585342785
9,Static Early Fusion HistGB,431.4262022096351,336.0148355431226,-0.018537548898806655,0.2594514217902114,59.197556390696505
9,Trajectory Fusion ExtraTrees,414.6621066893586,313.4591983333331,0.05907998302877915,0.24936981711370826,55.896709319842806
9,CMGT-DINO,397.11790134400513,299.58428153910904,0.13701561504297455,0.2388190693897219,53.850432248543044
10,DINOv3 Static Image ExtraTrees,327.1413435280868,254.25530628724698,0.2069986813426531,0.2422192681238611,40.53647770924618
10,Phenotype-only ExtraTrees,300.78867519994014,230.01244077097502,0.3296123494760961,0.2227074449873687,37.15181328970883
10,Environment-only ExtraTrees,314.11613652796194,242.79047065337792,0.2688886298866091,0.2325752528712883,38.604406860343
10,Static Early Fusion ExtraTrees,311.53449527510423,243.0259685714286,0.2808568845945908,0.23066377556279005,38.83188649719925
10,Static Early Fusion XGBoost,320.6876833630514,254.09720970517114,0.23797783434698438,0.23744090283063188,40.7339458551079
10,Static Early Fusion CatBoost,308.9968312683441,236.40987677354457,0.2925250042610382,0.22878485952046804,37.801645145260856
10,Static Early Fusion HistGB,359.8404413970413,279.39985789256383,0.040548590392568085,0.26643006174814254,43.87746355841021
10,Trajectory Fusion ExtraTrees,304.9736788555386,239.04555134920633,0.3108277834866985,0.2258060705283123,38.78915754434096
10,CMGT-DINO,344.07341658412605,252.9015328315812,0.12278654685279211,0.254755972593015,40.25963113874827
11,DINOv3 Static Image ExtraTrees,376.22032378601625,289.8802735449734,0.3370709201064248,0.22813675567643943,45.142749044250884
11,Phenotype-only ExtraTrees,409.2299922757429,326.38270599489795,0.21563632028028434,0.24815353360969192,48.90113199322021
11,Environment-only ExtraTrees,384.7490646329507,299.15430320873855,0.30667364393053864,0.23330851048023207,44.91389343967215
11,Static Early Fusion ExtraTrees,388.28759945200846,294.62212880952364,0.2938619625283254,0.23545424743921442,46.56391833991569
11,Static Early Fusion XGBoost,418.1332347592476,309.8949410284133,0.18113569386601025,0.2535523829720742,49.02774734867024
11,Static Early Fusion CatBoost,402.4227642869822,299.19650313212185,0.24151386862717095,0.24402568933780985,47.760780412798034
11,Static Early Fusion HistGB,415.68345458289747,303.907284001351,0.19070279277528135,0.2520668574270193,48.531261012657076
11,Trajectory Fusion ExtraTrees,390.8161915051577,295.1795347142858,0.2846350447494014,0.23698756382581876,46.34671264555967
11,CMGT-DINO,375.29894595054753,277.5086408134287,0.3403140208958333,0.22757804011312083,43.84253647592621
12,DINOv3 Static Image ExtraTrees,386.1991783751006,291.0613730081784,0.2722903184175852,0.19071564364202498,43.55647355493551
12,Phenotype-only ExtraTrees,425.3680772027195,300.02445169217697,0.11719405308257869,0.21005830972973805,43.898793143624594
12,Environment-only ExtraTrees,377.5319167345799,294.4598005076666,0.3045869955520999,0.1864355144368296,43.46674739828095
12,Static Early Fusion ExtraTrees,386.29336949370673,295.25617142857163,0.27193530913000286,0.19076215777466998,44.826294243065306
12,Static Early Fusion XGBoost,429.9507617986392,314.2874943615142,0.09806984468628965,0.21232136385117983,46.72351158279699
12,Static Early Fusion CatBoost,393.3037458943047,292.3714304757276,0.24526997548404783,0.19422407204657022,44.286659918404915
12,Static Early Fusion HistGB,437.74572812175813,330.9713131940157,0.06506957069284403,0.2161707299366707,49.74762212488173
12,Trajectory Fusion ExtraTrees,352.4948061955407,274.0486348214286,0.393765138964292,0.17407150923236578,42.840323486925136
12,CMGT-DINO,358.47705160164486,281.06305754903997,0.3730135146072998,0.17702570449463945,43.18600450805063
13,DINOv3 Static Image ExtraTrees,330.3711758605226,243.41315178952655,0.3062207495447361,0.21093131738900087,40.85603531487451
13,Phenotype-only ExtraTrees,290.9292797812361,232.3439287103174,0.4619881116460087,0.18574894160015076,39.13588623516812
13,Environment-only ExtraTrees,342.23019639980885,265.2859360971189,0.25551892606366755,0.2185029186910192,41.445835897213726
13,Static Early Fusion ExtraTrees,299.53271037487485,216.96940992063494,0.4296971771144601,0.19124195395043886,40.01417800337733
13,Static Early Fusion XGBoost,290.60149299994,211.90729226248607,0.4631997726911241,0.1855396603351572,38.14318065160948
13,Static Early Fusion CatBoost,315.15495741695287,236.46573772561044,0.368657108936318,0.20121625373787894,40.43660898558802
13,Static Early Fusion HistGB,312.466080215088,212.40039672278277,0.37938428651705947,0.19949949255552307,37.5050957630266
13,Trajectory Fusion ExtraTrees,291.29518803618237,211.3491718253966,0.4606339214397347,0.18598256219389137,37.98243849715058
13,CMGT-DINO,293.07011604622505,213.5718137244703,0.4540409351282184,0.18711579635832407,37.291277416896015
14,DINOv3 Static Image ExtraTrees,334.14671064426443,244.47093104657026,0.3412051283764227,0.2073384900994443,34.09406585010787
14,Phenotype-only ExtraTrees,345.56154456406813,266.7989259444444,0.29542595242546066,0.21442141012910657,39.76991144772272
14,Environment-only ExtraTrees,335.91371253566666,259.28964760988384,0.3342191568550803,0.208434917185199,37.36449892132354
14,Static Early Fusion ExtraTrees,311.7882980762198,224.8852197619048,0.4264180818584563,0.19346506457943646,33.263993954343825
14,Static Early Fusion XGBoost,323.87114987738994,232.06010405040922,0.3811001810588198,0.2009624906163998,35.26034655264592
14,Static Early Fusion CatBoost,319.14959487056626,237.36009868705787,0.3990139045758413,0.19803275928925682,35.72796385257008
14,Static Early Fusion HistGB,322.98657723017493,240.46944605949398,0.3844763028540602,0.20041361208127012,36.91000106159565
14,Trajectory Fusion ExtraTrees,280.0357840220308,215.86456547619042,0.5372963871384027,0.17376258626335989,32.73454941789698
14,CMGT-DINO,302.2229284214825,227.5917946614866,0.4610721239897779,0.18752973965095712,34.32779524984578
15,DINOv3 Static Image ExtraTrees,357.5558593158087,259.8258844208751,0.30594861298067,0.2167005207974598,43.71135764963053
15,Phenotype-only ExtraTrees,372.0246618189846,272.9404425413833,0.24864135263235787,0.22546949201150582,46.66515853648684
15,Environment-only ExtraTrees,368.60471974599307,275.58061702925744,0.2623920117183285,0.2233967998460564,44.68375748987533
15,Static Early Fusion ExtraTrees,357.63226222925476,254.83643880952366,0.3056519700245608,0.21674682559348774,44.973025853044746
15,Static Early Fusion XGBoost,372.39616249764055,264.1189962477911,0.24714000261649094,0.22569464393796396,45.591470159662116
15,Static Early Fusion CatBoost,379.80025147705896,270.71402035415906,0.2169052293708177,0.23018197059215695,46.16340534241972
15,Static Early Fusion HistGB,365.02156529453504,264.54256187953814,0.2766626776590032,0.221225191087597,46.96735510734246
15,Trajectory Fusion ExtraTrees,331.88286139200665,229.09907480158745,0.4020381463767826,0.20114112811636767,41.510333890717135
15,CMGT-DINO,319.4762826343874,226.775731640959,0.4459090297199879,0.1936219894753863,40.58469516713362
16,DINOv3 Static Image ExtraTrees,288.36650347107303,223.63285702766782,0.4193559385520088,0.17476757786125638,38.47113578026598
16,Phenotype-only ExtraTrees,327.20958460097927,255.94238264455782,0.2523946534130763,0.19830883915210865,40.175138935113374
16,Environment-only ExtraTrees,284.1880656352786,213.8223268550058,0.4360611199447063,0.17223519129410822,34.94604948891591
16,Static Early Fusion ExtraTrees,299.43784288630815,241.8388602777778,0.37391436896722785,0.18147748053715645,41.19311144427882
16,Static Early Fusion XGBoost,317.59720263421605,256.15992405482694,0.29567402894638906,0.1924831531116461,43.64095874236549
16,Static Early Fusion CatBoost,280.58005938883764,225.22263830668558,0.45028957754097176,0.17004852084171979,38.588213136308724
16,Static Early Fusion HistGB,323.5249640991379,262.1947236964528,0.26913702569782205,0.19607573581765933,45.94089093444115
16,Trajectory Fusion ExtraTrees,251.68318220491884,204.19058190476204,0.5576879629354854,0.15253526194237504,36.120596680573286
16,CMGT-DINO,250.8381527253427,191.83646550504753,0.5606531133597932,0.15202312286384406,33.49400971446388
17,DINOv3 Static Image ExtraTrees,351.57619418310895,267.46461553482123,0.010839946989236404,0.2748148971196487,42.44025984654325
17,Phenotype-only ExtraTrees,327.44662239354807,246.06522833333335,0.14195774001385353,0.255953649121055,40.67699878662562
17,Environment-only ExtraTrees,337.8057641606637,259.7974937801924,0.08680871159031223,0.2640510303603975,41.33774439639381
17,Static Early Fusion ExtraTrees,338.23710905079565,255.24030543650778,0.08447511090075921,0.26438819767594945,44.72005373587971
17,Static Early Fusion XGBoost,361.74528947040676,261.09590007963635,-0.04720912336900063,0.2827637256279952,42.652729555587634
17,Static Early Fusion CatBoost,364.61604088837356,273.0341882945683,-0.06389603443666214,0.2850076922805659,43.96524787791884
17,Static Early Fusion HistGB,374.9662755792129,262.60179425717206,-0.12515425314433837,0.293098111167818,45.76158592389014
17,Trajectory Fusion ExtraTrees,342.3098901575677,240.82174626984107,0.06229432955058922,0.2675717491773502,41.199165299504855
17,CMGT-DINO,341.99611662996637,231.20298691481474,0.06401261099622113,0.26732648331142045,36.74227101610496
18,DINOv3 Static Image ExtraTrees,440.100150404783,319.4243892879126,0.06738240412846508,0.2844935553632822,63.239301184871366
18,Phenotype-only ExtraTrees,451.2594434826517,328.4428669920634,0.019487401872570587,0.29170724742892623,62.7407287263415
18,Environment-only ExtraTrees,443.67801465310663,339.5828484839448,0.052157039677844685,0.2868063910205219,64.64122710316747
18,Static Early Fusion ExtraTrees,428.6507206215358,300.11832817460305,0.11527624668495207,0.27709231048090177,62.05797663107509
18,Static Early Fusion XGBoost,448.50351349368384,322.62666457403276,0.03142719662372484,0.28992573401618904,63.82686635341379
18,Static Early Fusion CatBoost,438.0136500269807,313.00876973575475,0.07620446076168885,0.2831447807486817,63.14249723759582
18,Static Early Fusion HistGB,440.1952445146981,313.40144484544396,0.0669793321390697,0.2845550269655958,64.09808449420632
18,Trajectory Fusion ExtraTrees,426.3723616394958,304.1846771825397,0.12465619755321022,0.27561951287654224,62.73664343003166
18,CMGT-DINO,411.96235142921523,297.1089616307451,0.1828239534513677,0.2663044625777106,62.48259525150419
19,DINOv3 Static Image ExtraTrees,387.67011485780966,286.4110900335657,0.3297918473637488,0.21054381455173013,47.74968569313494
19,Phenotype-only ExtraTrees,382.9103649106594,289.59845395238074,0.34614822773570597,0.20795879220469424,46.951811371827766
19,Environment-only ExtraTrees,404.3521423285638,305.6887878219542,0.2708706886606743,0.21960383120903057,48.478563995170006
19,Static Early Fusion ExtraTrees,376.4031300695417,265.6943790873017,0.36818270030593936,0.20442471002212684,46.331342577514704
19,Static Early Fusion XGBoost,392.05009511831054,289.57350495837983,0.3145619840746735,0.21292258381034418,49.768587731440206
19,Static Early Fusion CatBoost,377.65174936418043,275.6980660455699,0.3639839692549396,0.2051028357252457,48.25642583114569
19,Static Early Fusion HistGB,391.4346625898885,284.6899515536613,0.31671226924348395,0.21258834212606909,50.31291630661287
19,Trajectory Fusion ExtraTrees,376.34546735595546,274.3025144444447,0.368376266758901,0.2043933933763227,48.352966954386844
19,CMGT-DINO,359.9968026506028,263.217943873853,0.4220605401776609,0.19551442618754497,46.40693101357773
