backbone,backbone_key,embedding_dim,protocol,fold,component_id,test_years,train_n,test_n,RMSE,MAE,R2,NRMSE,sMAPE
EfficientNet-B0,efficientnet_b0,1280,Static Image ExtraTrees,1,C0001,2023,168,39,260.6411354906603,230.8886193660982,-2.4529896445248043,0.37730332294536817,23.460167732846163
EfficientNet-B0,efficientnet_b0,1280,Image Trajectory ExtraTrees,1,C0001,2023,168,39,293.49002603767053,265.6990653205101,-3.378204585431111,0.42485527799315365,28.228945212672325
EfficientNet-B0,efficientnet_b0,1280,Full CMGT,1,C0001,2023,168,39,320.74307005867144,288.00221758003994,-4.229063569865366,0.4643067024589917,30.73391158870286
EfficientNet-B0,efficientnet_b0,1280,Static Image ExtraTrees,2,C0002,2024,195,12,456.91224811492,347.99387122507386,-1.0473566801563545,0.5007257513588164,56.64359553348424
EfficientNet-B0,efficientnet_b0,1280,Image Trajectory ExtraTrees,2,C0002,2024,195,12,439.3526719838188,328.8513775925943,-0.893016736801733,0.4814823802562398,55.002653047034805
EfficientNet-B0,efficientnet_b0,1280,Full CMGT,2,C0002,2024,195,12,337.77536794972764,307.16238061247384,-0.11888090270549845,0.37016478679422204,59.47194829686856
EfficientNet-B0,efficientnet_b0,1280,Static Image ExtraTrees,3,C0003,2024,195,12,307.2789405494816,233.74461055555628,-1.0991944359022523,0.3695832918975748,41.98663242537074
EfficientNet-B0,efficientnet_b0,1280,Image Trajectory ExtraTrees,3,C0003,2024,195,12,408.9235622693255,349.6271663888909,-2.7176743398062833,0.4918375337005671,53.71470703136276
EfficientNet-B0,efficientnet_b0,1280,Full CMGT,3,C0003,2024,195,12,214.66580607397316,145.7696397735912,-0.024502013149008794,0.25819177560555817,32.59772905061297
EfficientNet-B0,efficientnet_b0,1280,Static Image ExtraTrees,4,C0004,2024,195,12,496.4573982523654,440.743848611113,-3.720307453358063,0.6909829059296924,72.03162389125977
EfficientNet-B0,efficientnet_b0,1280,Image Trajectory ExtraTrees,4,C0004,2024,195,12,561.4621218305394,512.8595383333329,-5.0373622957204605,0.7814582477320725,78.16190061860136
EfficientNet-B0,efficientnet_b0,1280,Full CMGT,4,C0004,2024,195,12,357.73890269629123,282.68444981127465,-1.4509737167716605,0.4979107319567576,56.62559906708896
EfficientNet-B0,efficientnet_b0,1280,Static Image ExtraTrees,5,C0005,2024,195,12,253.13515595950093,226.37520117521714,-3.9936898189860104,0.6451768980744257,28.51890589975314
EfficientNet-B0,efficientnet_b0,1280,Image Trajectory ExtraTrees,5,C0005,2024,195,12,218.49737803342902,189.88741720085594,-2.7205666788066423,0.5568940436687371,24.649766087751072
EfficientNet-B0,efficientnet_b0,1280,Full CMGT,5,C0005,2024,195,12,219.2653094913243,186.54937271457607,-2.7467652636667688,0.5588513049351963,28.777787603021924
EfficientNet-B0,efficientnet_b0,1280,Static Image ExtraTrees,6,C0006,2024,195,12,689.9829008044312,635.0673691666698,-5.5425810140734555,0.9433341547440374,110.62521819662732
EfficientNet-B0,efficientnet_b0,1280,Image Trajectory ExtraTrees,6,C0006,2024,195,12,536.4342467870084,463.6764616666699,-2.9546262509724954,0.7334047643479328,98.78329464646913
EfficientNet-B0,efficientnet_b0,1280,Full CMGT,6,C0006,2024,195,12,475.42920319815977,380.4959430305507,-2.1063054749949712,0.6499995942170267,91.00930984492913
EfficientNet-B0,efficientnet_b0,1280,Static Image ExtraTrees,7,C0007,2024,195,12,403.94094517861726,338.027714629631,-0.8704175691937106,0.3876666972289461,60.41009840833208
EfficientNet-B0,efficientnet_b0,1280,Image Trajectory ExtraTrees,7,C0007,2024,195,12,395.96588219591445,330.1416001851871,-0.797290807173556,0.38001293901602184,59.62649095245023
EfficientNet-B0,efficientnet_b0,1280,Full CMGT,7,C0007,2024,195,12,338.1093942530606,286.40153018472563,-0.31044046107896994,0.3244874126692073,56.46783642024162
EfficientNet-B0,efficientnet_b0,1280,Static Image ExtraTrees,8,C0008,2024,195,12,524.1200731588075,486.7756765811991,-6.276621226932768,0.7254257067941973,63.58363106160837
EfficientNet-B0,efficientnet_b0,1280,Image Trajectory ExtraTrees,8,C0008,2024,195,12,523.7923742509353,486.4228197222269,-6.2675248556988725,0.7249721442919519,63.5547950134997
EfficientNet-B0,efficientnet_b0,1280,Full CMGT,8,C0008,2024,195,12,226.2709045177277,176.98800280394838,-0.3562058361824274,0.3131777225158861,32.61096217160479
EfficientNet-B0,efficientnet_b0,1280,Static Image ExtraTrees,9,C0009,2024,195,12,377.6550744969573,321.56526182336535,-1.7497827976414002,0.4386237799035509,52.100981337872064
EfficientNet-B0,efficientnet_b0,1280,Image Trajectory ExtraTrees,9,C0009,2024,195,12,408.1077127907029,352.7266523148171,-2.2111259968571333,0.47399269778246567,55.196222359930225
EfficientNet-B0,efficientnet_b0,1280,Full CMGT,9,C0009,2024,195,12,227.023794874561,196.14331477061305,0.006310960784729591,0.26367455850703947,39.341012275689316
EfficientNet-B0,efficientnet_b0,1280,Static Image ExtraTrees,10,C0010,2024,195,12,386.4649712380061,308.1919623611124,-1.0226164987859518,0.40414637515085605,46.31816482362569
EfficientNet-B0,efficientnet_b0,1280,Image Trajectory ExtraTrees,10,C0010,2024,195,12,364.1644870891818,292.010106944446,-0.7959260775830375,0.38082560741352345,44.896030836872576
EfficientNet-B0,efficientnet_b0,1280,Full CMGT,10,C0010,2024,195,12,280.98348841159816,233.63320055430754,-0.06918996340254302,0.29383894212977585,40.86641772966882
EfficientNet-B0,efficientnet_b0,1280,Static Image ExtraTrees,11,C0011,2025,195,12,778.7579150648145,737.76203239418,-0.3251817050835102,0.36907958059943813,79.90387163693725
EfficientNet-B0,efficientnet_b0,1280,Image Trajectory ExtraTrees,11,C0011,2025,195,12,701.8250968925995,671.4552945370361,-0.07628744122367959,0.3326185293329855,71.13601934057483
EfficientNet-B0,efficientnet_b0,1280,Full CMGT,11,C0011,2025,195,12,668.279163132047,608.0222451868348,0.024142679757377605,0.3167199825270365,66.84050881122158
EfficientNet-B0,efficientnet_b0,1280,Static Image ExtraTrees,12,C0012,2025,206,1,284.75000000000864,284.75000000000864,,28475000000.000862,20.808593821364546
EfficientNet-B0,efficientnet_b0,1280,Image Trajectory ExtraTrees,12,C0012,2025,206,1,284.4156000000087,284.4156000000087,,28441560000.000866,20.786696776002866
EfficientNet-B0,efficientnet_b0,1280,Full CMGT,12,C0012,2025,206,1,133.34425159529133,133.34425159529133,,13334425159.529133,10.314997239875831
EfficientNet-B0,efficientnet_b0,1280,Static Image ExtraTrees,13,C0013,2025,206,1,85.68499999999017,85.68499999999017,,8568499999.999017,6.113359529537831
EfficientNet-B0,efficientnet_b0,1280,Image Trajectory ExtraTrees,13,C0013,2025,206,1,85.68499999999017,85.68499999999017,,8568499999.999017,6.113359529537831
EfficientNet-B0,efficientnet_b0,1280,Full CMGT,13,C0013,2025,206,1,51.97964565329107,51.97964565329107,,5197964565.329107,3.9001207067473294
EfficientNet-B0,efficientnet_b0,1280,Static Image ExtraTrees,14,C0014,2025,206,1,370.45660333331716,370.45660333331716,,37045660333.33172,25.07130958364571
EfficientNet-B0,efficientnet_b0,1280,Image Trajectory ExtraTrees,14,C0014,2025,206,1,370.45660333331716,370.45660333331716,,37045660333.33172,25.07130958364571
EfficientNet-B0,efficientnet_b0,1280,Full CMGT,14,C0014,2025,206,1,436.79113254695153,436.79113254695153,,43679113254.69515,30.23938632378357
EfficientNet-B0,efficientnet_b0,1280,Static Image ExtraTrees,15,C0015,2025,195,12,565.9589438940999,501.03243935185196,-0.02039516456276247,0.3658523451764104,68.04742175732581
EfficientNet-B0,efficientnet_b0,1280,Image Trajectory ExtraTrees,15,C0015,2025,195,12,560.4912826251111,516.9668986111108,-0.0007745708415116681,0.3623178896837094,71.44186215190929
EfficientNet-B0,efficientnet_b0,1280,Full CMGT,15,C0015,2025,195,12,565.8397282645966,455.0162134814839,-0.01996533041627102,0.3657752807212834,63.21400224616784
EfficientNet-B0,efficientnet_b0,1280,Static Image ExtraTrees,16,C0016,2025,195,12,422.4121573450509,364.3642048148147,-0.055116375652905836,0.31355752645940416,45.790931213223864
EfficientNet-B0,efficientnet_b0,1280,Image Trajectory ExtraTrees,16,C0016,2025,195,12,411.93012222188264,350.42416666666674,-0.003401271031717501,0.30577668741788844,43.7557221428446
EfficientNet-B0,efficientnet_b0,1280,Full CMGT,16,C0016,2025,195,12,374.4347487516644,324.09922458086356,0.17095169235525842,0.2779437845182936,42.57103125243337
EfficientNet-B0,efficientnet_b0,1280,Static Image ExtraTrees,17,C0017,2025,195,12,364.75195269487534,323.2633333333333,-0.014416570060280076,0.31366798470570434,35.81740696461405
EfficientNet-B0,efficientnet_b0,1280,Image Trajectory ExtraTrees,17,C0017,2025,195,12,376.11869566364715,338.2219457870371,-0.07862610323003616,0.32344280107979223,37.77528673801222
EfficientNet-B0,efficientnet_b0,1280,Full CMGT,17,C0017,2025,195,12,312.0471117286239,249.56280398289752,0.25755990472301926,0.26834452275306053,28.247100649999396
EfficientNet-B0,efficientnet_b0,1280,Static Image ExtraTrees,18,C0018,2025,198,9,637.9775771409064,575.8817114814813,-0.0007570063559525497,0.3956450090796319,77.66719408623545
EfficientNet-B0,efficientnet_b0,1280,Image Trajectory ExtraTrees,18,C0018,2025,198,9,643.9353399997126,583.8360905626782,-0.019535447868250788,0.39933974573625586,77.0688652401314
EfficientNet-B0,efficientnet_b0,1280,Full CMGT,18,C0018,2025,198,9,467.62368070225017,424.7729809518224,0.4623361948312622,0.2899991818308528,67.94334410366828
ConvNeXt-Tiny,convnext_tiny,768,Static Image ExtraTrees,1,C0001,2023,168,39,382.55308641525244,339.20034225783513,-6.438626934063753,0.5537826960267117,37.43380163641659
ConvNeXt-Tiny,convnext_tiny,768,Image Trajectory ExtraTrees,1,C0001,2023,168,39,245.57705967993977,210.8401932478602,-2.0653844383954736,0.35549661215972755,21.693896232382894
ConvNeXt-Tiny,convnext_tiny,768,Full CMGT,1,C0001,2023,168,39,166.19130149634552,132.92702922942408,-0.40386690430837113,0.24057802764381228,12.699151107421129
ConvNeXt-Tiny,convnext_tiny,768,Static Image ExtraTrees,2,C0002,2024,195,12,386.5234921182182,272.86638814814927,-0.46514193556894856,0.4235873886227049,49.990969577892486
ConvNeXt-Tiny,convnext_tiny,768,Image Trajectory ExtraTrees,2,C0002,2024,195,12,357.70419642545755,255.72369037037075,-0.25480424731204687,0.3920045988224192,48.82323872818362
ConvNeXt-Tiny,convnext_tiny,768,Full CMGT,2,C0002,2024,195,12,351.23770735053046,314.00307249491965,-0.2098462346670915,0.38491803545263614,60.03441146603273
ConvNeXt-Tiny,convnext_tiny,768,Static Image ExtraTrees,3,C0003,2024,195,12,320.26987570961455,245.49995666666777,-1.2804431787050419,0.3852082890832727,43.21251497575395
ConvNeXt-Tiny,convnext_tiny,768,Image Trajectory ExtraTrees,3,C0003,2024,195,12,393.40749998252954,331.3459472222262,-2.440902313330946,0.4731754107220533,51.96360174610542
ConvNeXt-Tiny,convnext_tiny,768,Full CMGT,3,C0003,2024,195,12,197.9423378240872,130.48019281057577,0.12890712096354195,0.23807743117087296,30.40161732808896
ConvNeXt-Tiny,convnext_tiny,768,Static Image ExtraTrees,4,C0004,2024,195,12,314.6699348106241,239.132181805557,-0.8963426526738103,0.43796617137655064,51.303114136866675
ConvNeXt-Tiny,convnext_tiny,768,Image Trajectory ExtraTrees,4,C0004,2024,195,12,477.0389908287149,418.74979472222617,-3.3582693617981008,0.6639558384766658,70.03442512221686
ConvNeXt-Tiny,convnext_tiny,768,Full CMGT,4,C0004,2024,195,12,283.58133027226876,236.10447598333715,-0.5401449064959631,0.3946962062580291,51.53154687689818
ConvNeXt-Tiny,convnext_tiny,768,Static Image ExtraTrees,5,C0005,2024,195,12,333.4307544821926,313.59909527778194,-7.664189508740018,0.8498298827123552,37.11692916079766
ConvNeXt-Tiny,convnext_tiny,768,Image Trajectory ExtraTrees,5,C0005,2024,195,12,126.07963303429815,105.7307959188045,-0.23881514120182112,0.3213448019225134,14.791579387832016
ConvNeXt-Tiny,convnext_tiny,768,Full CMGT,5,C0005,2024,195,12,227.86296159328882,197.8178917682794,-3.0463561726694257,0.5807645255340609,31.181235967311462
ConvNeXt-Tiny,convnext_tiny,768,Static Image ExtraTrees,6,C0006,2024,195,12,525.7632144841999,451.28828666666794,-2.798856133871879,0.7188154908661115,97.80108725842884
ConvNeXt-Tiny,convnext_tiny,768,Image Trajectory ExtraTrees,6,C0006,2024,195,12,715.7701617566869,662.9940304700876,-6.040761493370136,0.9785901067179182,112.29187539529532
ConvNeXt-Tiny,convnext_tiny,768,Full CMGT,6,C0006,2024,195,12,507.2924717879511,402.2428007736864,-2.5366272395692464,0.6935625716581917,91.36174603343822
ConvNeXt-Tiny,convnext_tiny,768,Static Image ExtraTrees,7,C0007,2024,195,12,379.7491518988408,316.5058486111125,-0.6530897909190634,0.364449559395421,58.30904965554876
ConvNeXt-Tiny,convnext_tiny,768,Image Trajectory ExtraTrees,7,C0007,2024,195,12,391.93715524417854,326.0827362962983,-0.7609040437412113,0.3761465241599441,59.21668216694555
ConvNeXt-Tiny,convnext_tiny,768,Full CMGT,7,C0007,2024,195,12,324.52582337379505,267.6875254695128,-0.207261467882915,0.31145110594617464,54.64322237104577
ConvNeXt-Tiny,convnext_tiny,768,Static Image ExtraTrees,8,C0008,2024,195,12,486.6009029334723,446.12682833333497,-5.272114875827784,0.6734960594234911,60.17857894976675
ConvNeXt-Tiny,convnext_tiny,768,Image Trajectory ExtraTrees,8,C0008,2024,195,12,373.5594091241119,319.05382048840266,-2.696473036467276,0.5170372444624386,48.327830173852504
ConvNeXt-Tiny,convnext_tiny,768,Full CMGT,8,C0008,2024,195,12,178.39487364783315,143.70672723141067,0.15698961688797886,0.24691331992779675,28.53628570729425
ConvNeXt-Tiny,convnext_tiny,768,Static Image ExtraTrees,9,C0009,2024,195,12,321.1869094175588,265.1328438888902,-0.9889479338481708,0.3730393837602309,46.09955148556694
ConvNeXt-Tiny,convnext_tiny,768,Image Trajectory ExtraTrees,9,C0009,2024,195,12,358.17542490487324,300.8889840277794,-1.4734282174833382,0.4159993320614091,49.94956852468911
ConvNeXt-Tiny,convnext_tiny,768,Full CMGT,9,C0009,2024,195,12,246.3001377743555,210.30237612151691,-0.16959916895620863,0.2860628777867079,40.24816687460763
ConvNeXt-Tiny,convnext_tiny,768,Static Image ExtraTrees,10,C0010,2024,195,12,468.3605805789876,381.46962722222605,-1.9706668147620015,0.4897888424355426,52.5681210408612
ConvNeXt-Tiny,convnext_tiny,768,Image Trajectory ExtraTrees,10,C0010,2024,195,12,287.58977454180257,242.35972314814845,-0.12005707603162952,0.30074747664502227,40.32648757913906
ConvNeXt-Tiny,convnext_tiny,768,Full CMGT,10,C0010,2024,195,12,280.1338406790234,225.99760416166177,-0.06273363136205079,0.2929504216251225,39.391575084193015
ConvNeXt-Tiny,convnext_tiny,768,Static Image ExtraTrees,11,C0011,2025,195,12,716.1227890834568,687.4778998148136,-0.12058672418031957,0.3393946867694108,73.19413309631837
ConvNeXt-Tiny,convnext_tiny,768,Image Trajectory ExtraTrees,11,C0011,2025,195,12,761.5662572157712,725.7613999999993,-0.2673187813558706,0.3609318754577115,78.27084217125426
ConvNeXt-Tiny,convnext_tiny,768,Full CMGT,11,C0011,2025,195,12,709.9752491379945,665.2520808881078,-0.10143000089782506,0.3364811607289074,72.07786250121443
ConvNeXt-Tiny,convnext_tiny,768,Static Image ExtraTrees,12,C0012,2025,206,1,284.75000000000864,284.75000000000864,,28475000000.000862,20.808593821364546
ConvNeXt-Tiny,convnext_tiny,768,Image Trajectory ExtraTrees,12,C0012,2025,206,1,284.75000000000864,284.75000000000864,,28475000000.000862,20.808593821364546
ConvNeXt-Tiny,convnext_tiny,768,Full CMGT,12,C0012,2025,206,1,184.0867696945861,184.0867696945861,,18408676969.45861,13.96614016964461
ConvNeXt-Tiny,convnext_tiny,768,Static Image ExtraTrees,13,C0013,2025,206,1,85.68499999999017,85.68499999999017,,8568499999.999017,6.113359529537831
ConvNeXt-Tiny,convnext_tiny,768,Image Trajectory ExtraTrees,13,C0013,2025,206,1,85.68499999999017,85.68499999999017,,8568499999.999017,6.113359529537831
ConvNeXt-Tiny,convnext_tiny,768,Full CMGT,13,C0013,2025,206,1,32.177754147181304,32.177754147181304,,3217775414.71813,2.396547717288245
ConvNeXt-Tiny,convnext_tiny,768,Static Image ExtraTrees,14,C0014,2025,206,1,370.4782066666503,370.4782066666503,,37047820666.66503,25.072954916473957
ConvNeXt-Tiny,convnext_tiny,768,Image Trajectory ExtraTrees,14,C0014,2025,206,1,370.4349999999838,370.4349999999838,,37043499999.99838,25.06966427487276
ConvNeXt-Tiny,convnext_tiny,768,Full CMGT,14,C0014,2025,206,1,390.0757652575014,390.0757652575014,,39007576525.75014,26.575500923524018
ConvNeXt-Tiny,convnext_tiny,768,Static Image ExtraTrees,15,C0015,2025,195,12,562.0820321455353,506.86088041310563,-0.006463297310269844,0.36334619650510375,69.2713040304408
ConvNeXt-Tiny,convnext_tiny,768,Image Trajectory ExtraTrees,15,C0015,2025,195,12,560.9034337181887,518.7943893981482,-0.0022469291059361574,0.3625843161543858,71.84073660688077
ConvNeXt-Tiny,convnext_tiny,768,Full CMGT,15,C0015,2025,195,12,533.211846168844,414.9187573041104,0.09427132879660483,0.3446836674308605,61.11750836127313
ConvNeXt-Tiny,convnext_tiny,768,Static Image ExtraTrees,16,C0016,2025,195,12,411.7195166314525,350.42416666666685,-0.002375524746403679,0.3056203543984772,43.73097109677755
ConvNeXt-Tiny,convnext_tiny,768,Image Trajectory ExtraTrees,16,C0016,2025,195,12,418.2146039150613,350.42416666666674,-0.03425096243470138,0.31044167278946916,43.070582292217125
ConvNeXt-Tiny,convnext_tiny,768,Full CMGT,16,C0016,2025,195,12,452.6476580519438,405.2888558279201,-0.2115688553759003,0.3360014089283706,51.224826542009716
ConvNeXt-Tiny,convnext_tiny,768,Static Image ExtraTrees,17,C0017,2025,195,12,363.68372139562587,326.8566027314815,-0.008483525791988189,0.3127493605383502,36.41132849468537
ConvNeXt-Tiny,convnext_tiny,768,Image Trajectory ExtraTrees,17,C0017,2025,195,12,377.5487867890556,339.0844514245014,-0.08684407363258284,0.32467260615126126,37.878986395173975
ConvNeXt-Tiny,convnext_tiny,768,Full CMGT,17,C0017,2025,195,12,317.29609832063494,271.26021057031437,0.23237246072487794,0.2728583821961672,30.575260919519874
ConvNeXt-Tiny,convnext_tiny,768,Static Image ExtraTrees,18,C0018,2025,198,9,640.7026093374949,580.7745270818066,-0.009324452498932878,0.3973349515271286,77.30699134656457
ConvNeXt-Tiny,convnext_tiny,768,Image Trajectory ExtraTrees,18,C0018,2025,198,9,655.9914336410307,591.007549429182,-0.05806937845006388,0.4068163929556779,76.48012916364615
ConvNeXt-Tiny,convnext_tiny,768,Full CMGT,18,C0018,2025,198,9,445.3601416631565,413.21132472532065,0.512313759870555,0.2761923359151358,67.80936914164083
DINOv2-Small,dinov2_small,384,Static Image ExtraTrees,1,C0001,2023,168,39,235.6924670339765,193.30997024216666,-1.8235843262793887,0.34118770560795675,19.219486866442193
DINOv2-Small,dinov2_small,384,Image Trajectory ExtraTrees,1,C0001,2023,168,39,279.568562683112,256.11502864672195,-2.9727023316326244,0.4047026095586451,26.571618188698167
DINOv2-Small,dinov2_small,384,Full CMGT,1,C0001,2023,168,39,390.4369682492212,353.21121534677053,-6.748385532477913,0.565195379631183,39.50517070843374
DINOv2-Small,dinov2_small,384,Static Image ExtraTrees,2,C0002,2024,195,12,543.3531487911905,442.00685720899673,-1.8952914388434108,0.5954555055245924,64.17514227184054
DINOv2-Small,dinov2_small,384,Image Trajectory ExtraTrees,2,C0002,2024,195,12,373.53176355217664,262.00183833333386,-0.36830522811203315,0.40934987786539906,49.067661920683285
DINOv2-Small,dinov2_small,384,Full CMGT,2,C0002,2024,195,12,347.9407474476411,308.3961024285216,-0.18723992813369472,0.3813049287097437,59.17370665973542
DINOv2-Small,dinov2_small,384,Static Image ExtraTrees,3,C0003,2024,195,12,520.4206576474677,475.2455540079393,-5.0213812703879075,0.6259419518985203,64.70495309624529
DINOv2-Small,dinov2_small,384,Image Trajectory ExtraTrees,3,C0003,2024,195,12,413.3356345321963,354.7774266666689,-2.798330664715646,0.4971442045322416,54.20052872995972
DINOv2-Small,dinov2_small,384,Full CMGT,3,C0003,2024,195,12,222.3548945280063,150.95721621147575,-0.09920946763670302,0.2674399154795486,32.862074945681705
DINOv2-Small,dinov2_small,384,Static Image ExtraTrees,4,C0004,2024,195,12,368.845272359185,292.2956459935923,-1.6055220665398027,0.5133688792439386,57.23565897963497
DINOv2-Small,dinov2_small,384,Image Trajectory ExtraTrees,4,C0004,2024,195,12,354.5030099849643,276.87312314814955,-1.406834161465484,0.49340692849482837,55.53526865446678
DINOv2-Small,dinov2_small,384,Full CMGT,4,C0004,2024,195,12,286.2250021698357,222.99969535837013,-0.5689945956995202,0.3983757406884474,49.44369873166362
DINOv2-Small,dinov2_small,384,Static Image ExtraTrees,5,C0005,2024,195,12,298.84596453757456,276.54517722222613,-5.960035007958947,0.7616820811458508,33.572474109639465
DINOv2-Small,dinov2_small,384,Image Trajectory ExtraTrees,5,C0005,2024,195,12,257.7466984165678,231.52037722222272,-4.177294319153956,0.656930542669983,29.05131872439794
DINOv2-Small,dinov2_small,384,Full CMGT,5,C0005,2024,195,12,197.80249543083517,165.03651851397373,-2.0491596575448354,0.5041480704239458,24.97313439766833
DINOv2-Small,dinov2_small,384,Static Image ExtraTrees,6,C0006,2024,195,12,472.4030694283693,389.3435004629646,-2.0668877035871724,0.6458623100342744,92.65410770230694
DINOv2-Small,dinov2_small,384,Image Trajectory ExtraTrees,6,C0006,2024,195,12,558.2899417992123,488.7962961111159,-3.2834338065633606,0.7632855390115423,100.71655743508934
DINOv2-Small,dinov2_small,384,Full CMGT,6,C0006,2024,195,12,441.36385448500664,360.07581923601214,-1.677108544151635,0.6034259662373798,90.36704540167001
DINOv2-Small,dinov2_small,384,Static Image ExtraTrees,7,C0007,2024,195,12,325.1153144596193,278.50898462963045,-0.21165135728702666,0.3120168472135927,54.695120355149754
DINOv2-Small,dinov2_small,384,Image Trajectory ExtraTrees,7,C0007,2024,195,12,361.4892949420776,302.68807148148227,-0.49793752343290354,0.346925367993702,56.984435924620804
DINOv2-Small,dinov2_small,384,Full CMGT,7,C0007,2024,195,12,334.54038266854326,288.5777542852061,-0.28292100925531183,0.3210621918544917,56.25055490241962
DINOv2-Small,dinov2_small,384,Static Image ExtraTrees,8,C0008,2024,195,12,371.158953592429,316.2399042735074,-2.6491193373172477,0.5137148146608014,48.04229548457089
DINOv2-Small,dinov2_small,384,Image Trajectory ExtraTrees,8,C0008,2024,195,12,408.05546017041655,358.8286036507969,-3.410690356210128,0.5647826438344866,52.2505014834596
DINOv2-Small,dinov2_small,384,Full CMGT,8,C0008,2024,195,12,213.55921181334935,157.7705548555813,-0.20810533371561357,0.2955836841707257,29.964694574033725
DINOv2-Small,dinov2_small,384,Static Image ExtraTrees,9,C0009,2024,195,12,291.992324885836,241.2802057539698,-0.6438061976466489,0.3391316200764646,43.443355101020906
DINOv2-Small,dinov2_small,384,Image Trajectory ExtraTrees,9,C0009,2024,195,12,298.49319797105505,246.38904319444552,-0.7178159043834529,0.34668199532062144,44.02169989361639
DINOv2-Small,dinov2_small,384,Full CMGT,9,C0009,2024,195,12,237.9784639139837,191.52527673187944,-0.09190047615051866,0.2763977513518974,38.40439084271245
DINOv2-Small,dinov2_small,384,Static Image ExtraTrees,10,C0010,2024,195,12,301.3314113215337,254.38215305555673,-0.22965161558429803,0.315117815761081,41.55965369248694
DINOv2-Small,dinov2_small,384,Image Trajectory ExtraTrees,10,C0010,2024,195,12,297.88386692843955,251.65236806267868,-0.2016755898588678,0.3115125405787603,41.287681769823514
DINOv2-Small,dinov2_small,384,Full CMGT,10,C0010,2024,195,12,279.1729480755243,223.4723709829881,-0.055455528075550875,0.2919455666149274,39.28787301469672
DINOv2-Small,dinov2_small,384,Static Image ExtraTrees,11,C0011,2025,195,12,719.5792995003809,690.9228807407409,-0.1314303041415641,0.3410328433651094,73.64197859232549
DINOv2-Small,dinov2_small,384,Image Trajectory ExtraTrees,11,C0011,2025,195,12,754.1673129592845,720.289027222222,-0.2428133072693639,0.3574252668053481,77.53231192632042
DINOv2-Small,dinov2_small,384,Full CMGT,11,C0011,2025,195,12,724.8290352493873,680.8838075802412,-0.14799936576540884,0.3435208697864395,74.2303194847707
DINOv2-Small,dinov2_small,384,Static Image ExtraTrees,12,C0012,2025,206,1,284.58280000000855,284.58280000000855,,28458280000.000854,20.797645967593148
DINOv2-Small,dinov2_small,384,Image Trajectory ExtraTrees,12,C0012,2025,206,1,284.5828000000088,284.5828000000088,,28458280000.000877,20.797645967593166
DINOv2-Small,dinov2_small,384,Full CMGT,12,C0012,2025,206,1,8.67868208302366,8.67868208302366,,867868208.3023659,0.7053606361444293
DINOv2-Small,dinov2_small,384,Static Image ExtraTrees,13,C0013,2025,206,1,85.68499999999017,85.68499999999017,,8568499999.999017,6.113359529537831
DINOv2-Small,dinov2_small,384,Image Trajectory ExtraTrees,13,C0013,2025,206,1,85.68499999999017,85.68499999999017,,8568499999.999017,6.113359529537831
DINOv2-Small,dinov2_small,384,Full CMGT,13,C0013,2025,206,1,134.3339491684835,134.3339491684835,,13433394916.84835,10.400640644930858
DINOv2-Small,dinov2_small,384,Static Image ExtraTrees,14,C0014,2025,206,1,370.45660333331716,370.45660333331716,,37045660333.33172,25.07130958364571
DINOv2-Small,dinov2_small,384,Image Trajectory ExtraTrees,14,C0014,2025,206,1,370.52141333331747,370.52141333331747,,37052141333.33175,25.076245654298567
DINOv2-Small,dinov2_small,384,Full CMGT,14,C0014,2025,206,1,487.05036161996463,487.05036161996463,,48705036161.99646,34.31587939720922
DINOv2-Small,dinov2_small,384,Static Image ExtraTrees,15,C0015,2025,195,12,561.6337311919982,507.8592717852057,-0.0048584834274634225,0.36305640171174314,69.48302732675815
DINOv2-Small,dinov2_small,384,Image Trajectory ExtraTrees,15,C0015,2025,195,12,574.9143485371073,492.8821598438133,-0.05294292901259867,0.371641379568384,66.37115221390196
DINOv2-Small,dinov2_small,384,Full CMGT,15,C0015,2025,195,12,597.5803717927095,477.2916937337289,-0.13760419583605832,0.3862933571603076,63.526710714030834
DINOv2-Small,dinov2_small,384,Static Image ExtraTrees,16,C0016,2025,195,12,412.73590093333013,350.42416666666685,-0.007330627561473735,0.3063748188287435,43.363549430137425
DINOv2-Small,dinov2_small,384,Image Trajectory ExtraTrees,16,C0016,2025,195,12,447.81852605962393,359.3258018981487,-0.1858551875461505,0.33241673302326663,43.11736497219781
DINOv2-Small,dinov2_small,384,Full CMGT,16,C0016,2025,195,12,403.1210255969817,359.1016054961911,0.03905518919880713,0.29923767451303607,45.02857847031194
DINOv2-Small,dinov2_small,384,Static Image ExtraTrees,17,C0017,2025,195,12,370.49030852253276,323.2633333333333,-0.046585678174067446,0.31860267660985225,35.69464966752895
DINOv2-Small,dinov2_small,384,Image Trajectory ExtraTrees,17,C0017,2025,195,12,371.88033637921734,335.38206138888864,-0.05445369677131717,0.31979802932357926,37.43391916274081
DINOv2-Small,dinov2_small,384,Full CMGT,17,C0017,2025,195,12,306.5940945509849,259.6095724784556,0.28328143442599407,0.2636552074634822,29.490210331150077
DINOv2-Small,dinov2_small,384,Static Image ExtraTrees,18,C0018,2025,198,9,653.710842363894,589.8912892592595,-0.05072529081477639,0.40540207278381024,76.57425373804767
DINOv2-Small,dinov2_small,384,Image Trajectory ExtraTrees,18,C0018,2025,198,9,641.7632342568114,581.9077871937321,-0.012668908164423787,0.39799270341507686,77.2198947865285
DINOv2-Small,dinov2_small,384,Full CMGT,18,C0018,2025,198,9,532.6682444860228,475.7344174169036,0.3023599206586931,0.33033689580528547,70.32101294210929
DINOv3 ViT-S/16,dinov3_vits16,384,Static Image ExtraTrees,1,C0001,2023,168,39,240.76762311268502,207.37384646011515,-1.9464937802666085,0.34853448626619143,20.78149868908957
DINOv3 ViT-S/16,dinov3_vits16,384,Image Trajectory ExtraTrees,1,C0001,2023,168,39,278.61921977044534,244.9072721652394,-2.9457675910592456,0.40332834361674197,25.66953739057947
DINOv3 ViT-S/16,dinov3_vits16,384,Full CMGT,1,C0001,2023,168,39,147.89670172705328,118.21186679833022,-0.11179914463319451,0.21409482010285652,11.368786124283757
DINOv3 ViT-S/16,dinov3_vits16,384,Static Image ExtraTrees,2,C0002,2024,195,12,435.6949999584614,325.28426462963165,-0.8616286832972224,0.47747397255721796,54.701837925688885
DINOv3 ViT-S/16,dinov3_vits16,384,Image Trajectory ExtraTrees,2,C0002,2024,195,12,373.96709649543016,262.28109472222263,-0.3714964718642033,0.4098269550634851,49.08820073370436
DINOv3 ViT-S/16,dinov3_vits16,384,Full CMGT,2,C0002,2024,195,12,338.6939563386597,305.53298780134406,-0.12497482579693786,0.3711714590012709,59.71734843609844
DINOv3 ViT-S/16,dinov3_vits16,384,Static Image ExtraTrees,3,C0003,2024,195,12,384.6622737451436,320.91391453296956,-2.289624002566475,0.46265698894078033,50.94529235365261
DINOv3 ViT-S/16,dinov3_vits16,384,Image Trajectory ExtraTrees,3,C0003,2024,195,12,341.47526940891936,267.6304080555577,-1.5924213275241055,0.4107133210758935,45.51583064185096
DINOv3 ViT-S/16,dinov3_vits16,384,Full CMGT,3,C0003,2024,195,12,210.7117863029701,140.2765093564644,0.012891865849940398,0.253436032694631,31.526985438216798
DINOv3 ViT-S/16,dinov3_vits16,384,Static Image ExtraTrees,4,C0004,2024,195,12,464.24083369338786,404.10981611111555,-3.1275561308218016,0.6461430153844058,68.66926656095382
DINOv3 ViT-S/16,dinov3_vits16,384,Image Trajectory ExtraTrees,4,C0004,2024,195,12,441.6829315973937,377.9801633333364,-2.736177893270465,0.6147463138812405,66.15826218468794
DINOv3 ViT-S/16,dinov3_vits16,384,Full CMGT,4,C0004,2024,195,12,274.6754861284171,220.79526696888175,-0.4449276995127742,0.3823008102221594,49.40788080573711
DINOv3 ViT-S/16,dinov3_vits16,384,Static Image ExtraTrees,5,C0005,2024,195,12,220.92698292390645,192.25036503103502,-2.8037691864147556,0.5630864863614284,24.905720205174102
DINOv3 ViT-S/16,dinov3_vits16,384,Image Trajectory ExtraTrees,5,C0005,2024,195,12,121.740908217247,100.35236598290676,-0.15502053974433028,0.3102864998528023,14.093071765467977
DINOv3 ViT-S/16,dinov3_vits16,384,Full CMGT,5,C0005,2024,195,12,206.73046092639632,172.09021139082685,-2.3306237799086467,0.526903175548353,26.14099299091946
DINOv3 ViT-S/16,dinov3_vits16,384,Static Image ExtraTrees,6,C0006,2024,195,12,517.8068405714305,441.9933077777816,-2.684749932944958,0.707937657153016,97.05114825455475
DINOv3 ViT-S/16,dinov3_vits16,384,Image Trajectory ExtraTrees,6,C0006,2024,195,12,573.8200178908735,506.4618178205147,-3.5250547898811533,0.7845180234484141,102.03133644489988
DINOv3 ViT-S/16,dinov3_vits16,384,Full CMGT,6,C0006,2024,195,12,444.9690047663641,361.2806788093649,-1.7210215005049267,0.6083548730109021,90.59434299290926
DINOv3 ViT-S/16,dinov3_vits16,384,Static Image ExtraTrees,7,C0007,2024,195,12,342.1572423039498,290.7915939814823,-0.34200549000913893,0.32837217826057097,55.91651964869786
DINOv3 ViT-S/16,dinov3_vits16,384,Image Trajectory ExtraTrees,7,C0007,2024,195,12,339.67254474106016,289.13302379629687,-0.3225853515093269,0.32598758588558335,55.758983351481135
DINOv3 ViT-S/16,dinov3_vits16,384,Full CMGT,7,C0007,2024,195,12,324.28502334458227,277.2692857468357,-0.20547054264937636,0.3112200074325633,55.455855068846596
DINOv3 ViT-S/16,dinov3_vits16,384,Static Image ExtraTrees,8,C0008,2024,195,12,309.8612287584625,247.06624185185424,-1.5433296867057256,0.42887367302209345,40.70788497414747
DINOv3 ViT-S/16,dinov3_vits16,384,Image Trajectory ExtraTrees,8,C0008,2024,195,12,427.05940502616374,380.30046495421385,-3.83108595327199,0.5910856816971124,54.28381034143831
DINOv3 ViT-S/16,dinov3_vits16,384,Full CMGT,8,C0008,2024,195,12,201.31358456833053,160.92982950269234,-0.07353039920447135,0.27863471912571697,30.7646440757714
DINOv3 ViT-S/16,dinov3_vits16,384,Static Image ExtraTrees,9,C0009,2024,195,12,263.7381816963498,216.41547503205229,-0.3410771315442638,0.30631612275998815,40.45822539245658
DINOv3 ViT-S/16,dinov3_vits16,384,Image Trajectory ExtraTrees,9,C0009,2024,195,12,241.3763148453245,193.06150620370406,-0.1233033304780613,0.28034415196901796,37.42106455362183
DINOv3 ViT-S/16,dinov3_vits16,384,Full CMGT,9,C0009,2024,195,12,227.60427719039097,186.89816606099734,0.0012228918822332346,0.2643487539958083,37.620462001233435
DINOv3 ViT-S/16,dinov3_vits16,384,Static Image ExtraTrees,10,C0010,2024,195,12,273.94591793171776,226.53404736111133,-0.016302374321756075,0.28647939130114275,38.64812498447554
DINOv3 ViT-S/16,dinov3_vits16,384,Image Trajectory ExtraTrees,10,C0010,2024,195,12,272.70714935954146,224.57613421296324,-0.007131827314179162,0.28518394704265776,38.45560477483153
DINOv3 ViT-S/16,dinov3_vits16,384,Full CMGT,10,C0010,2024,195,12,283.8452863750621,223.23483063312563,-0.09108012951021971,0.2968316720262087,39.00585248807683
DINOv3 ViT-S/16,dinov3_vits16,384,Static Image ExtraTrees,11,C0011,2025,195,12,738.0533370780176,707.5348684839242,-0.1902713509506988,0.3497883114113828,75.82711773968457
DINOv3 ViT-S/16,dinov3_vits16,384,Image Trajectory ExtraTrees,11,C0011,2025,195,12,741.0957242833098,710.0445484544166,-0.20010459713711426,0.3512302010821373,76.16082274235404
DINOv3 ViT-S/16,dinov3_vits16,384,Full CMGT,11,C0011,2025,195,12,667.1767906018594,610.1007156324023,0.027359512164525923,0.31619753109092863,67.47292149730528
DINOv3 ViT-S/16,dinov3_vits16,384,Static Image ExtraTrees,12,C0012,2025,206,1,284.75000000000864,284.75000000000864,,28475000000.000862,20.808593821364546
DINOv3 ViT-S/16,dinov3_vits16,384,Image Trajectory ExtraTrees,12,C0012,2025,206,1,284.5828000000088,284.5828000000088,,28458280000.000877,20.797645967593166
DINOv3 ViT-S/16,dinov3_vits16,384,Full CMGT,12,C0012,2025,206,1,185.8943965958756,185.8943965958756,,18589439659.58756,14.093615728354669
DINOv3 ViT-S/16,dinov3_vits16,384,Static Image ExtraTrees,13,C0013,2025,206,1,85.56203666665715,85.56203666665715,,8556203666.665715,6.104854267369571
DINOv3 ViT-S/16,dinov3_vits16,384,Image Trajectory ExtraTrees,13,C0013,2025,206,1,85.56203666665715,85.56203666665715,,8556203666.665715,6.104854267369571
DINOv3 ViT-S/16,dinov3_vits16,384,Full CMGT,13,C0013,2025,206,1,66.0880475667725,66.0880475667725,,6608804756.67725,4.985083438111492
DINOv3 ViT-S/16,dinov3_vits16,384,Static Image ExtraTrees,14,C0014,2025,206,1,370.4349999999838,370.4349999999838,,37043499999.99838,25.06966427487276
DINOv3 ViT-S/16,dinov3_vits16,384,Image Trajectory ExtraTrees,14,C0014,2025,206,1,370.52141333331724,370.52141333331724,,37052141333.331726,25.07624565429855
DINOv3 ViT-S/16,dinov3_vits16,384,Full CMGT,14,C0014,2025,206,1,363.08542821902415,363.08542821902415,,36308542821.90241,24.511313946056003
DINOv3 ViT-S/16,dinov3_vits16,384,Static Image ExtraTrees,15,C0015,2025,195,12,563.0254454044369,523.6331599537036,-0.009844681545638112,0.36395604631305073,72.90590962342722
DINOv3 ViT-S/16,dinov3_vits16,384,Image Trajectory ExtraTrees,15,C0015,2025,195,12,560.309503405623,513.321829850936,-0.00012553123733693994,0.36220038230181967,70.65202508287992
DINOv3 ViT-S/16,dinov3_vits16,384,Full CMGT,15,C0015,2025,195,12,526.9722914511053,387.36801327271587,0.11534467182491714,0.3406502375310967,56.86223228586715
DINOv3 ViT-S/16,dinov3_vits16,384,Static Image ExtraTrees,16,C0016,2025,195,12,415.15067969845796,350.42416666666674,-0.01915221330590211,0.30816731472019504,43.21005651107305
DINOv3 ViT-S/16,dinov3_vits16,384,Image Trajectory ExtraTrees,16,C0016,2025,195,12,416.782933142456,357.6033995833334,-0.027181996336887115,0.30937894024648593,44.833050809587824
DINOv3 ViT-S/16,dinov3_vits16,384,Full CMGT,16,C0016,2025,195,12,369.9459446165817,310.7822853688483,0.19071016188982404,0.2746117347728419,41.96310233758816
DINOv3 ViT-S/16,dinov3_vits16,384,Static Image ExtraTrees,17,C0017,2025,195,12,363.8651559091878,327.1771411935287,-0.009490001188763086,0.31290538492096026,36.44968125509408
DINOv3 ViT-S/16,dinov3_vits16,384,Image Trajectory ExtraTrees,17,C0017,2025,195,12,362.15525760025304,323.2633333333334,-2.4574455143033802e-05,0.3114349600126009,35.94545493824165
DINOv3 ViT-S/16,dinov3_vits16,384,Full CMGT,17,C0017,2025,195,12,413.51896072567075,308.9168531717882,-0.30380288841769465,0.35560511215939217,34.48017920007293
DINOv3 ViT-S/16,dinov3_vits16,384,Static Image ExtraTrees,18,C0018,2025,198,9,659.177501056497,592.4605117592595,-0.0683721557491428,0.40879224871720743,76.35641216727299
DINOv3 ViT-S/16,dinov3_vits16,384,Image Trajectory ExtraTrees,18,C0018,2025,198,9,642.829330858267,582.9053373361821,-0.01603619236353171,0.3986538485942741,77.14219579627547
DINOv3 ViT-S/16,dinov3_vits16,384,Full CMGT,18,C0018,2025,198,9,408.3770667532603,395.2526576269147,0.589946521626228,0.2532570956609366,66.18664642349906
